<?xml version="1.0"?>
<Problem name="OMPL_RRT_bigcube-s-passages">
	<Robot robot="robots/bigcube.rob" scale="1.0">
		<Limits name="X" min="0.0" max="1.0" />
		<Limits name="Y" min="0.0" max="1.0" />
		<Limits name="Z" min="0.056" max="0.056" />
		<Limits name="WX" min="0.0" max="1.0" />
		<Limits name="WY" min="0.0" max="1.0" />
		<Limits name="WZ" min="0.0" max="1.0" />
		<Limits name="TH" min="-360.0" max="360.0" />
		<Home TH="0.0" WZ="1.0" WY="0.0" WX="0.0" Z="0.056" Y="0.01" X="0.01" />
	</Robot>
        <Scene scene="scenes/s-passage.iv" scale="1.0">
		<Location TH="0.0" WZ="1.0" WY="0.0" WX="0.0" Z="0.0" Y="0.0" X="0.0" />
	</Scene>
	<Planner>
                 <Parameters>
                    <Name>omplRRT</Name>
                    <LocalPlanner stepSize="1">Linear</LocalPlanner>
                    <Parameter name="Step Size">5</Parameter>
                    <Parameter name="Max Planning Time">1.0</Parameter>
                    <Parameter name="Speed Factor">1</Parameter>
                    <Parameter name="Range">0.02</Parameter>
                </Parameters>
		<Queries>
			<Query>
				<Init dim="2">0.173245 0.337357</Init>
				<Goal dim="2">0.787398 0.697769</Goal>
			</Query>
		</Queries>
	</Planner>
</Problem>
