<?xml version="1.0"?>
<Problem name="OMPL_RRTConnect_table_rooms">
        <Robot robot="robots/ele_SE2DOF.rob" scale="1.2">
	
   Robot Path
   <Limits name="X" min="-125.0" max="125.0" />
   <Limits name="Y" min="-115.0" max="115.0" />
   <Limits name="Z" min="50.0" max="50.0" />
   <Limits name="WX" min="0.0" max="1.0" />
   <Limits name="WY" min="0.0" max="1.0" />
   <Limits name="WZ" min="0.0" max="1.0" />
   <Limits name="THETA" min="-360.0" max="360.0" />
   <Home X="0.0" Y="0.0" Z="50.0" WX="0.0" WY="0.0" WZ="1.0" TH="0.0" />
	</Robot>
        <Scene scene="scenes/rooms2.iv" scale="1.0">
            Scene Path
            <Location TH="0.0" WZ="-1.0" WY="-1.0" WX="0.0" Z="25.0" Y="0.0" X="0.0">
            Problem of the scene
            </Location>
	</Scene>
	<Planner>
                 <Parameters>
                    <Name>omplRRTConnect</Name>
                    <LocalPlanner stepSize="5">Linear</LocalPlanner>
                    <Parameter name="Step Size">5</Parameter>
                    <Parameter name="Max Planning Time">1.0</Parameter>
                    <Parameter name="Speed Factor">1</Parameter>
                    <Parameter name="Range">2</Parameter>
                </Parameters>
		<Queries>
			<Query>
                                <Init dim="3">0.9 0.2 0.5</Init>
                                <Goal dim="3">0.6 0.8 0.5</Goal>
			</Query>
		</Queries>
	</Planner>
</Problem>
