<?xml version="1.0"?>
<Problem name="" topology="R2">
	<Robot robot="robots/minicube.rob" scale="1.0">
		<Limits name="X" min="0.0" max="1.0" />
		<Limits name="Y" min="0.0" max="1.0" />
		<Limits name="Z" min="0.056" max="0.056" />
		<Limits name="WX" min="0.0" max="1.0" />
		<Limits name="WY" min="0.0" max="1.0" />
		<Limits name="WZ" min="0.0" max="1.0" />
		<Limits name="TH" min="-360.0" max="360.0" />
		<Home TH="0.0" WZ="1.0" WY="0.0" WX="0.0" Z="0.056" Y="0.01" X="0.01" />
	</Robot>
	<Scene scene="scenes/s-passage.iv" scale="1.0">
		<Location TH="0.0" WZ="1.0" WY="0.0" WX="0.0" Z="0.0" Y="0.0" X="0.0" />
	</Scene>
	<Planner>
		<Parameters>
			<Name>PRM</Name>
			<LocalPlanner stepSize="0.05">Linear</LocalPlanner>
			<Parameter name="Drawn Path Link">-1</Parameter>
			<Parameter name="Max. Neighs">0</Parameter>
			<Parameter name="Max. Samples">100</Parameter>
			<Parameter name="Neigh Thresshold">0.0</Parameter>
			<Parameter name="P(connect to Ini-Goal)">0.0</Parameter>
			<Parameter name="Sampler 1(sdk),2(h),3(g),4(gl),5(r)">4</Parameter>
			<Parameter name="Speed Factor">10</Parameter>
			<Parameter name="Step Size">0.04999999702</Parameter>
		</Parameters>
		<Queries>
			<Query>
				<Init dim="2">0.173245 0.337357</Init>
				<Goal dim="2">0.787398 0.697769</Goal>
			</Query>
		</Queries>
	</Planner>
</Problem>
